Job 1;Description 1
Job 2;Description 2
Job 3;Description 3
Job 4;Description 4
Job 5;Description 5
Job 6;Description 6
Job 7;Description 7
Job 8;Description 8
Job 9;Description 9
Job 10;Description 10
Job 11;Description 11
Job 12;Description 12
Job 13;Description 13
Job 14;Description 14
Job 15;Description 15
Job 16;Description 16
Job 17;Description 17
Job 18;Description 18
Job 19;Description 19
Job 20;Description 20
Job 21;Description 21
Job 22;Description 22
Job 23;Description 23
Job 24;Description 24
Job 25;Description 25
Job 26;Description 26
Job 27;Description 27
Job 28;Description 28
Job 29;Description 29
Job 30;Description 30
Job 31;Description 31
Job 32;Description 32
Job 33;Description 33
Job 34;Description 34
Job 35;Description 35
Job 36;Description 36
Job 37;Description 37
Job 38;Description 38
Job 39;Description 39
Job 40;Description 40
Job 41;Description 41
Job 42;Description 42
Job 43;Description 43
Job 44;Description 44
Job 45;Description 45
Job 46;Description 46
Job 47;Description 47
Job 48;Description 48
Job 49;Description 49
Job 50;Description 50
Job 51;Description 51
Job 52;Description 52
Job 53;Description 53
Job 54;Description 54
Job 55;Description 55
Job 56;Description 56
Job 57;Description 57
Job 58;Description 58
Job 59;Description 59
Job 60;Description 60
Job 61;Description 61
Job 62;Description 62
Job 63;Description 63
Job 64;Description 64
Job 65;Description 65
Job 66;Description 66
Job 67;Description 67
Job 68;Description 68
Job 69;Description 69
Job 70;Description 70
Job 71;Description 71
Job 72;Description 72
Job 73;Description 73
Job 74;Description 74
Job 75;Description 75
Job 76;Description 76
Job 77;Description 77
Job 78;Description 78
Job 79;Description 79
Job 80;Description 80
Job 81;Description 81
Job 82;Description 82
Job 83;Description 83
Job 84;Description 84
Job 85;Description 85
Job 86;Description 86
Job 87;Description 87
Job 88;Description 88
Job 89;Description 89
Job 90;Description 90
Job 91;Description 91
Job 92;Description 92
Job 93;Description 93
Job 94;Description 94
Job 95;Description 95
Job 96;Description 96
Job 97;Description 97
Job 98;Description 98
Job 99;Description 99
Job 100;Description 100
